{
  "warnings": [
    {
      "file": "/Users/testi/work/mobilesso-sdk/MobileSSOFramework/MobileSSOFramework/MobileSSO.swift",
      "line": 36,
      "symbol": "MobileSSO.logFilename",
      "symbol_kind": "source.lang.swift.decl.var.static",
      "warning": "undocumented"
    },
    {
      "file": "/Users/testi/work/mobilesso-sdk/MobileSSOFramework/MobileSSOFramework/MobileSSO.swift",
      "line": 37,
      "symbol": "MobileSSO.logFunctionName",
      "symbol_kind": "source.lang.swift.decl.var.static",
      "warning": "undocumented"
    },
    {
      "file": "/Users/testi/work/mobilesso-sdk/MobileSSOFramework/MobileSSOFramework/Session.swift",
      "line": 109,
      "symbol": "SessionProfile.authTimeRaw",
      "symbol_kind": "source.lang.swift.decl.var.instance",
      "warning": "undocumented"
    },
    {
      "file": "/Users/testi/work/mobilesso-sdk/MobileSSOFramework/MobileSSOFramework/Session.swift",
      "line": 111,
      "symbol": "SessionProfile.authTime",
      "symbol_kind": "source.lang.swift.decl.var.instance",
      "warning": "undocumented"
    },
    {
      "file": "/Users/testi/work/mobilesso-sdk/MobileSSOFramework/MobileSSOFramework/Session.swift",
      "line": 125,
      "symbol": "SessionProfile.inum",
      "symbol_kind": "source.lang.swift.decl.var.instance",
      "warning": "undocumented"
    },
    {
      "file": "/Users/testi/work/mobilesso-sdk/MobileSSOFramework/MobileSSOFramework/Session.swift",
      "line": 126,
      "symbol": "SessionProfile.iss",
      "symbol_kind": "source.lang.swift.decl.var.instance",
      "warning": "undocumented"
    },
    {
      "file": "/Users/testi/work/mobilesso-sdk/MobileSSOFramework/MobileSSOFramework/Session.swift",
      "line": 127,
      "symbol": "SessionProfile.aud",
      "symbol_kind": "source.lang.swift.decl.var.instance",
      "warning": "undocumented"
    },
    {
      "file": "/Users/testi/work/mobilesso-sdk/MobileSSOFramework/MobileSSOFramework/Session.swift",
      "line": 128,
      "symbol": "SessionProfile.atHash",
      "symbol_kind": "source.lang.swift.decl.var.instance",
      "warning": "undocumented"
    },
    {
      "file": "/Users/testi/work/mobilesso-sdk/MobileSSOFramework/MobileSSOFramework/Session.swift",
      "line": 130,
      "symbol": "SessionProfile.oxOpenIDConnectVersion",
      "symbol_kind": "source.lang.swift.decl.var.instance",
      "warning": "undocumented"
    },
    {
      "file": "/Users/testi/work/mobilesso-sdk/MobileSSOFramework/MobileSSOFramework/Session.swift",
      "line": 131,
      "symbol": "SessionProfile.oxValidationURI",
      "symbol_kind": "source.lang.swift.decl.var.instance",
      "warning": "undocumented"
    },
    {
      "file": "/Users/testi/work/mobilesso-sdk/MobileSSOFramework/MobileSSOFramework/Session.swift",
      "line": 132,
      "symbol": "SessionProfile.personResourceId",
      "symbol_kind": "source.lang.swift.decl.var.instance",
      "warning": "undocumented"
    },
    {
      "file": "/Users/testi/work/mobilesso-sdk/MobileSSOFramework/MobileSSOFramework/Session.swift",
      "line": 133,
      "symbol": "SessionProfile.sub",
      "symbol_kind": "source.lang.swift.decl.var.instance",
      "warning": "undocumented"
    },
    {
      "file": "/Users/testi/work/mobilesso-sdk/MobileSSOFramework/MobileSSOFramework/Session.swift",
      "line": 135,
      "symbol": "SessionProfile.init(map:)",
      "symbol_kind": "source.lang.swift.decl.function.method.instance",
      "warning": "undocumented"
    },
    {
      "file": "/Users/testi/work/mobilesso-sdk/MobileSSOFramework/MobileSSOFramework/Session.swift",
      "line": 139,
      "symbol": "SessionProfile.mapping(map:)",
      "symbol_kind": "source.lang.swift.decl.function.method.instance",
      "warning": "undocumented"
    },
    {
      "file": "/Users/testi/work/mobilesso-sdk/MobileSSOFramework/MobileSSOFramework/SessionManager.swift",
      "line": 16,
      "symbol": "MobileSSOAppDelegate.currentAuthFlow",
      "symbol_kind": "source.lang.swift.decl.var.instance",
      "warning": "undocumented"
    }
  ],
  "source_directory": "/Users/testi/work/mobilesso-sdk/MobileSSOFramework"
}