{
  "warnings": [
    {
      "file": "/Users/testi/work/mobilesso-sdk/MobileSSOFramework/MobileSSOFramework/MobileSSO.swift",
      "line": 11,
      "symbol": "MobileSSOLoggingLevel",
      "symbol_kind": "source.lang.swift.decl.enum",
      "warning": "undocumented"
    },
    {
      "file": "/Users/testi/work/mobilesso-sdk/MobileSSOFramework/MobileSSOFramework/MobileSSO.swift",
      "line": 12,
      "symbol": "MobileSSOLoggingLevel.info",
      "symbol_kind": "source.lang.swift.decl.enumelement",
      "warning": "undocumented"
    },
    {
      "file": "/Users/testi/work/mobilesso-sdk/MobileSSOFramework/MobileSSOFramework/MobileSSO.swift",
      "line": 13,
      "symbol": "MobileSSOLoggingLevel.warning",
      "symbol_kind": "source.lang.swift.decl.enumelement",
      "warning": "undocumented"
    },
    {
      "file": "/Users/testi/work/mobilesso-sdk/MobileSSOFramework/MobileSSOFramework/MobileSSO.swift",
      "line": 14,
      "symbol": "MobileSSOLoggingLevel.error",
      "symbol_kind": "source.lang.swift.decl.enumelement",
      "warning": "undocumented"
    },
    {
      "file": "/Users/testi/work/mobilesso-sdk/MobileSSOFramework/MobileSSOFramework/MobileSSO.swift",
      "line": 15,
      "symbol": "MobileSSOLoggingLevel.none",
      "symbol_kind": "source.lang.swift.decl.enumelement",
      "warning": "undocumented"
    },
    {
      "file": "/Users/testi/work/mobilesso-sdk/MobileSSOFramework/MobileSSOFramework/MobileSSO.swift",
      "line": 18,
      "symbol": "MobileSSO",
      "symbol_kind": "source.lang.swift.decl.class",
      "warning": "undocumented"
    },
    {
      "file": "/Users/testi/work/mobilesso-sdk/MobileSSOFramework/MobileSSOFramework/MobileSSO.swift",
      "line": 24,
      "symbol": "MobileSSO.clientId",
      "symbol_kind": "source.lang.swift.decl.var.static",
      "warning": "undocumented"
    },
    {
      "file": "/Users/testi/work/mobilesso-sdk/MobileSSOFramework/MobileSSOFramework/MobileSSO.swift",
      "line": 28,
      "symbol": "MobileSSO.clientSecret",
      "symbol_kind": "source.lang.swift.decl.var.static",
      "warning": "undocumented"
    },
    {
      "file": "/Users/testi/work/mobilesso-sdk/MobileSSOFramework/MobileSSOFramework/MobileSSO.swift",
      "line": 32,
      "symbol": "MobileSSO.issuerUrl",
      "symbol_kind": "source.lang.swift.decl.var.static",
      "warning": "undocumented"
    },
    {
      "file": "/Users/testi/work/mobilesso-sdk/MobileSSOFramework/MobileSSOFramework/MobileSSO.swift",
      "line": 36,
      "symbol": "MobileSSO.qvarnUrl",
      "symbol_kind": "source.lang.swift.decl.var.static",
      "warning": "undocumented"
    },
    {
      "file": "/Users/testi/work/mobilesso-sdk/MobileSSOFramework/MobileSSOFramework/MobileSSO.swift",
      "line": 40,
      "symbol": "MobileSSO.loginRedirectUri",
      "symbol_kind": "source.lang.swift.decl.var.static",
      "warning": "undocumented"
    },
    {
      "file": "/Users/testi/work/mobilesso-sdk/MobileSSOFramework/MobileSSOFramework/MobileSSO.swift",
      "line": 44,
      "symbol": "MobileSSO.logoutRedirectUri",
      "symbol_kind": "source.lang.swift.decl.var.static",
      "warning": "undocumented"
    },
    {
      "file": "/Users/testi/work/mobilesso-sdk/MobileSSOFramework/MobileSSOFramework/MobileSSO.swift",
      "line": 48,
      "symbol": "MobileSSO.keychainServiceName",
      "symbol_kind": "source.lang.swift.decl.var.static",
      "warning": "undocumented"
    },
    {
      "file": "/Users/testi/work/mobilesso-sdk/MobileSSOFramework/MobileSSOFramework/MobileSSO.swift",
      "line": 52,
      "symbol": "MobileSSO.keychainAccessGroup",
      "symbol_kind": "source.lang.swift.decl.var.static",
      "warning": "undocumented"
    },
    {
      "file": "/Users/testi/work/mobilesso-sdk/MobileSSOFramework/MobileSSOFramework/Session.swift",
      "line": 110,
      "symbol": "SessionProfile.authTimeRaw",
      "symbol_kind": "source.lang.swift.decl.var.instance",
      "warning": "undocumented"
    },
    {
      "file": "/Users/testi/work/mobilesso-sdk/MobileSSOFramework/MobileSSOFramework/Session.swift",
      "line": 113,
      "symbol": "SessionProfile.authTime",
      "symbol_kind": "source.lang.swift.decl.var.instance",
      "warning": "undocumented"
    },
    {
      "file": "/Users/testi/work/mobilesso-sdk/MobileSSOFramework/MobileSSOFramework/Session.swift",
      "line": 127,
      "symbol": "SessionProfile.inum",
      "symbol_kind": "source.lang.swift.decl.var.instance",
      "warning": "undocumented"
    },
    {
      "file": "/Users/testi/work/mobilesso-sdk/MobileSSOFramework/MobileSSOFramework/Session.swift",
      "line": 128,
      "symbol": "SessionProfile.iss",
      "symbol_kind": "source.lang.swift.decl.var.instance",
      "warning": "undocumented"
    },
    {
      "file": "/Users/testi/work/mobilesso-sdk/MobileSSOFramework/MobileSSOFramework/Session.swift",
      "line": 129,
      "symbol": "SessionProfile.aud",
      "symbol_kind": "source.lang.swift.decl.var.instance",
      "warning": "undocumented"
    },
    {
      "file": "/Users/testi/work/mobilesso-sdk/MobileSSOFramework/MobileSSOFramework/Session.swift",
      "line": 130,
      "symbol": "SessionProfile.atHash",
      "symbol_kind": "source.lang.swift.decl.var.instance",
      "warning": "undocumented"
    },
    {
      "file": "/Users/testi/work/mobilesso-sdk/MobileSSOFramework/MobileSSOFramework/Session.swift",
      "line": 132,
      "symbol": "SessionProfile.oxOpenIDConnectVersion",
      "symbol_kind": "source.lang.swift.decl.var.instance",
      "warning": "undocumented"
    },
    {
      "file": "/Users/testi/work/mobilesso-sdk/MobileSSOFramework/MobileSSOFramework/Session.swift",
      "line": 133,
      "symbol": "SessionProfile.oxValidationURI",
      "symbol_kind": "source.lang.swift.decl.var.instance",
      "warning": "undocumented"
    },
    {
      "file": "/Users/testi/work/mobilesso-sdk/MobileSSOFramework/MobileSSOFramework/Session.swift",
      "line": 134,
      "symbol": "SessionProfile.personResourceId",
      "symbol_kind": "source.lang.swift.decl.var.instance",
      "warning": "undocumented"
    },
    {
      "file": "/Users/testi/work/mobilesso-sdk/MobileSSOFramework/MobileSSOFramework/Session.swift",
      "line": 135,
      "symbol": "SessionProfile.sub",
      "symbol_kind": "source.lang.swift.decl.var.instance",
      "warning": "undocumented"
    },
    {
      "file": "/Users/testi/work/mobilesso-sdk/MobileSSOFramework/MobileSSOFramework/Session.swift",
      "line": 137,
      "symbol": "SessionProfile.init(map:)",
      "symbol_kind": "source.lang.swift.decl.function.method.instance",
      "warning": "undocumented"
    },
    {
      "file": "/Users/testi/work/mobilesso-sdk/MobileSSOFramework/MobileSSOFramework/Session.swift",
      "line": 141,
      "symbol": "SessionProfile.mapping(map:)",
      "symbol_kind": "source.lang.swift.decl.function.method.instance",
      "warning": "undocumented"
    },
    {
      "file": "/Users/testi/work/mobilesso-sdk/MobileSSOFramework/MobileSSOFramework/SessionManager.swift",
      "line": 16,
      "symbol": "MobileSSOAppDelegate.currentAuthFlow",
      "symbol_kind": "source.lang.swift.decl.var.instance",
      "warning": "undocumented"
    },
    {
      "file": "/Users/testi/work/mobilesso-sdk/MobileSSOFramework/MobileSSOFramework/SessionManager.swift",
      "line": 331,
      "symbol": "SessionManager.setSecurityLevel(to:)",
      "symbol_kind": "source.lang.swift.decl.function.method.instance",
      "warning": "undocumented"
    }
  ],
  "source_directory": "/Users/testi/work/mobilesso-sdk/MobileSSOFramework"
}